size,mac_lanes,clock_mhz,compute_efficiency_assumed,ddr_MBps_assumed,conv_ideal_ms,conv_efficiency_ms,reference_traffic_MB,reference_memory_ms,perfect_overlap_reference_ms,no_overlap_reference_ms
256,64,100,0.4,100,101.10144,252.75359999999998,8.43,84.3,252.75359999999998,337.05359999999996
256,64,100,0.4,250,101.10144,252.75359999999998,8.43,33.72,252.75359999999998,286.4736
256,64,100,0.4,500,101.10144,252.75359999999998,8.43,16.86,252.75359999999998,269.61359999999996
256,64,100,0.6,100,101.10144,168.5024,8.43,84.3,168.5024,252.80239999999998
256,64,100,0.6,250,101.10144,168.5024,8.43,33.72,168.5024,202.2224
256,64,100,0.6,500,101.10144,168.5024,8.43,16.86,168.5024,185.36239999999998
256,64,100,0.8,100,101.10144,126.37679999999999,8.43,84.3,126.37679999999999,210.6768
256,64,100,0.8,250,101.10144,126.37679999999999,8.43,33.72,126.37679999999999,160.09679999999997
256,64,100,0.8,500,101.10144,126.37679999999999,8.43,16.86,126.37679999999999,143.2368
256,64,150,0.4,100,67.40096,168.50239999999997,8.43,84.3,168.50239999999997,252.80239999999998
256,64,150,0.4,250,67.40096,168.50239999999997,8.43,33.72,168.50239999999997,202.22239999999996
256,64,150,0.4,500,67.40096,168.50239999999997,8.43,16.86,168.50239999999997,185.36239999999998
256,64,150,0.6,100,67.40096,112.33493333333332,8.43,84.3,112.33493333333332,196.63493333333332
256,64,150,0.6,250,67.40096,112.33493333333332,8.43,33.72,112.33493333333332,146.05493333333334
256,64,150,0.6,500,67.40096,112.33493333333332,8.43,16.86,112.33493333333332,129.19493333333332
256,64,150,0.8,100,67.40096,84.25119999999998,8.43,84.3,84.3,168.5512
256,64,150,0.8,250,67.40096,84.25119999999998,8.43,33.72,84.25119999999998,117.97119999999998
256,64,150,0.8,500,67.40096,84.25119999999998,8.43,16.86,84.25119999999998,101.11119999999998
256,128,100,0.4,100,50.55072,126.37679999999999,8.43,84.3,126.37679999999999,210.6768
256,128,100,0.4,250,50.55072,126.37679999999999,8.43,33.72,126.37679999999999,160.09679999999997
256,128,100,0.4,500,50.55072,126.37679999999999,8.43,16.86,126.37679999999999,143.2368
256,128,100,0.6,100,50.55072,84.2512,8.43,84.3,84.3,168.55120000000002
256,128,100,0.6,250,50.55072,84.2512,8.43,33.72,84.2512,117.9712
256,128,100,0.6,500,50.55072,84.2512,8.43,16.86,84.2512,101.1112
256,128,100,0.8,100,50.55072,63.188399999999994,8.43,84.3,84.3,147.48839999999998
256,128,100,0.8,250,50.55072,63.188399999999994,8.43,33.72,63.188399999999994,96.90839999999999
256,128,100,0.8,500,50.55072,63.188399999999994,8.43,16.86,63.188399999999994,80.04839999999999
256,128,150,0.4,100,33.70048,84.25119999999998,8.43,84.3,84.3,168.5512
256,128,150,0.4,250,33.70048,84.25119999999998,8.43,33.72,84.25119999999998,117.97119999999998
256,128,150,0.4,500,33.70048,84.25119999999998,8.43,16.86,84.25119999999998,101.11119999999998
256,128,150,0.6,100,33.70048,56.16746666666666,8.43,84.3,84.3,140.46746666666664
256,128,150,0.6,250,33.70048,56.16746666666666,8.43,33.72,56.16746666666666,89.88746666666667
256,128,150,0.6,500,33.70048,56.16746666666666,8.43,16.86,56.16746666666666,73.02746666666667
256,128,150,0.8,100,33.70048,42.12559999999999,8.43,84.3,84.3,126.4256
256,128,150,0.8,250,33.70048,42.12559999999999,8.43,33.72,42.12559999999999,75.84559999999999
256,128,150,0.8,500,33.70048,42.12559999999999,8.43,16.86,42.12559999999999,58.98559999999999
320,64,100,0.4,100,157.971,394.9275,11.483484,114.83484,394.9275,509.76234
320,64,100,0.4,250,157.971,394.9275,11.483484,45.933936,394.9275,440.86143599999997
320,64,100,0.4,500,157.971,394.9275,11.483484,22.966968,394.9275,417.89446799999996
320,64,100,0.6,100,157.971,263.28499999999997,11.483484,114.83484,263.28499999999997,378.11984
320,64,100,0.6,250,157.971,263.28499999999997,11.483484,45.933936,263.28499999999997,309.218936
320,64,100,0.6,500,157.971,263.28499999999997,11.483484,22.966968,263.28499999999997,286.251968
320,64,100,0.8,100,157.971,197.46375,11.483484,114.83484,197.46375,312.29859
320,64,100,0.8,250,157.971,197.46375,11.483484,45.933936,197.46375,243.397686
320,64,100,0.8,500,157.971,197.46375,11.483484,22.966968,197.46375,220.43071799999998
320,64,150,0.4,100,105.31400000000001,263.28499999999997,11.483484,114.83484,263.28499999999997,378.11984
320,64,150,0.4,250,105.31400000000001,263.28499999999997,11.483484,45.933936,263.28499999999997,309.218936
320,64,150,0.4,500,105.31400000000001,263.28499999999997,11.483484,22.966968,263.28499999999997,286.251968
320,64,150,0.6,100,105.31400000000001,175.52333333333334,11.483484,114.83484,175.52333333333334,290.35817333333335
320,64,150,0.6,250,105.31400000000001,175.52333333333334,11.483484,45.933936,175.52333333333334,221.45726933333336
320,64,150,0.6,500,105.31400000000001,175.52333333333334,11.483484,22.966968,175.52333333333334,198.49030133333335
320,64,150,0.8,100,105.31400000000001,131.64249999999998,11.483484,114.83484,131.64249999999998,246.47734
320,64,150,0.8,250,105.31400000000001,131.64249999999998,11.483484,45.933936,131.64249999999998,177.576436
320,64,150,0.8,500,105.31400000000001,131.64249999999998,11.483484,22.966968,131.64249999999998,154.609468
320,128,100,0.4,100,78.9855,197.46375,11.483484,114.83484,197.46375,312.29859
320,128,100,0.4,250,78.9855,197.46375,11.483484,45.933936,197.46375,243.397686
320,128,100,0.4,500,78.9855,197.46375,11.483484,22.966968,197.46375,220.43071799999998
320,128,100,0.6,100,78.9855,131.64249999999998,11.483484,114.83484,131.64249999999998,246.47734
320,128,100,0.6,250,78.9855,131.64249999999998,11.483484,45.933936,131.64249999999998,177.576436
320,128,100,0.6,500,78.9855,131.64249999999998,11.483484,22.966968,131.64249999999998,154.609468
320,128,100,0.8,100,78.9855,98.731875,11.483484,114.83484,114.83484,213.566715
320,128,100,0.8,250,78.9855,98.731875,11.483484,45.933936,98.731875,144.66581100000002
320,128,100,0.8,500,78.9855,98.731875,11.483484,22.966968,98.731875,121.698843
320,128,150,0.4,100,52.657000000000004,131.64249999999998,11.483484,114.83484,131.64249999999998,246.47734
320,128,150,0.4,250,52.657000000000004,131.64249999999998,11.483484,45.933936,131.64249999999998,177.576436
320,128,150,0.4,500,52.657000000000004,131.64249999999998,11.483484,22.966968,131.64249999999998,154.609468
320,128,150,0.6,100,52.657000000000004,87.76166666666667,11.483484,114.83484,114.83484,202.59650666666667
320,128,150,0.6,250,52.657000000000004,87.76166666666667,11.483484,45.933936,87.76166666666667,133.69560266666667
320,128,150,0.6,500,52.657000000000004,87.76166666666667,11.483484,22.966968,87.76166666666667,110.72863466666668
320,128,150,0.8,100,52.657000000000004,65.82124999999999,11.483484,114.83484,114.83484,180.65608999999998
320,128,150,0.8,250,52.657000000000004,65.82124999999999,11.483484,45.933936,65.82124999999999,111.75518600000001
320,128,150,0.8,500,52.657000000000004,65.82124999999999,11.483484,22.966968,65.82124999999999,88.788218
416,64,100,0.4,100,266.97099000000003,667.427475,17.335995,173.35995000000003,667.427475,840.787425
416,64,100,0.4,250,266.97099000000003,667.427475,17.335995,69.34398,667.427475,736.771455
416,64,100,0.4,500,266.97099000000003,667.427475,17.335995,34.67199,667.427475,702.099465
416,64,100,0.6,100,266.97099000000003,444.95165000000003,17.335995,173.35995000000003,444.95165000000003,618.3116000000001
416,64,100,0.6,250,266.97099000000003,444.95165000000003,17.335995,69.34398,444.95165000000003,514.29563
416,64,100,0.6,500,266.97099000000003,444.95165000000003,17.335995,34.67199,444.95165000000003,479.62364
416,64,100,0.8,100,266.97099000000003,333.7137375,17.335995,173.35995000000003,333.7137375,507.07368750000006
416,64,100,0.8,250,266.97099000000003,333.7137375,17.335995,69.34398,333.7137375,403.05771749999997
416,64,100,0.8,500,266.97099000000003,333.7137375,17.335995,34.67199,333.7137375,368.3857275
416,64,150,0.4,100,177.98066,444.95165000000003,17.335995,173.35995000000003,444.95165000000003,618.3116000000001
416,64,150,0.4,250,177.98066,444.95165000000003,17.335995,69.34398,444.95165000000003,514.29563
416,64,150,0.4,500,177.98066,444.95165000000003,17.335995,34.67199,444.95165000000003,479.62364
416,64,150,0.6,100,177.98066,296.6344333333334,17.335995,173.35995000000003,296.6344333333334,469.9943833333334
416,64,150,0.6,250,177.98066,296.6344333333334,17.335995,69.34398,296.6344333333334,365.9784133333334
416,64,150,0.6,500,177.98066,296.6344333333334,17.335995,34.67199,296.6344333333334,331.3064233333334
416,64,150,0.8,100,177.98066,222.47582500000001,17.335995,173.35995000000003,222.47582500000001,395.835775
416,64,150,0.8,250,177.98066,222.47582500000001,17.335995,69.34398,222.47582500000001,291.81980500000003
416,64,150,0.8,500,177.98066,222.47582500000001,17.335995,34.67199,222.47582500000001,257.147815
416,128,100,0.4,100,133.48549500000001,333.7137375,17.335995,173.35995000000003,333.7137375,507.07368750000006
416,128,100,0.4,250,133.48549500000001,333.7137375,17.335995,69.34398,333.7137375,403.05771749999997
416,128,100,0.4,500,133.48549500000001,333.7137375,17.335995,34.67199,333.7137375,368.3857275
416,128,100,0.6,100,133.48549500000001,222.47582500000001,17.335995,173.35995000000003,222.47582500000001,395.835775
416,128,100,0.6,250,133.48549500000001,222.47582500000001,17.335995,69.34398,222.47582500000001,291.81980500000003
416,128,100,0.6,500,133.48549500000001,222.47582500000001,17.335995,34.67199,222.47582500000001,257.147815
416,128,100,0.8,100,133.48549500000001,166.85686875,17.335995,173.35995000000003,173.35995000000003,340.21681874999996
416,128,100,0.8,250,133.48549500000001,166.85686875,17.335995,69.34398,166.85686875,236.20084875
416,128,100,0.8,500,133.48549500000001,166.85686875,17.335995,34.67199,166.85686875,201.52885874999998
416,128,150,0.4,100,88.99033,222.47582500000001,17.335995,173.35995000000003,222.47582500000001,395.835775
416,128,150,0.4,250,88.99033,222.47582500000001,17.335995,69.34398,222.47582500000001,291.81980500000003
416,128,150,0.4,500,88.99033,222.47582500000001,17.335995,34.67199,222.47582500000001,257.147815
416,128,150,0.6,100,88.99033,148.3172166666667,17.335995,173.35995000000003,173.35995000000003,321.67716666666666
416,128,150,0.6,250,88.99033,148.3172166666667,17.335995,69.34398,148.3172166666667,217.66119666666668
416,128,150,0.6,500,88.99033,148.3172166666667,17.335995,34.67199,148.3172166666667,182.9892066666667
416,128,150,0.8,100,88.99033,111.23791250000001,17.335995,173.35995000000003,173.35995000000003,284.5978625
416,128,150,0.8,250,88.99033,111.23791250000001,17.335995,69.34398,111.23791250000001,180.5818925
416,128,150,0.8,500,88.99033,111.23791250000001,17.335995,34.67199,111.23791250000001,145.90990250000002
640,64,100,0.4,100,631.884,1579.71,36.929184,369.29184,1579.71,1949.00184
640,64,100,0.4,250,631.884,1579.71,36.929184,147.716736,1579.71,1727.426736
640,64,100,0.4,500,631.884,1579.71,36.929184,73.858368,1579.71,1653.568368
640,64,100,0.6,100,631.884,1053.1399999999999,36.929184,369.29184,1053.1399999999999,1422.43184
640,64,100,0.6,250,631.884,1053.1399999999999,36.929184,147.716736,1053.1399999999999,1200.856736
640,64,100,0.6,500,631.884,1053.1399999999999,36.929184,73.858368,1053.1399999999999,1126.998368
640,64,100,0.8,100,631.884,789.855,36.929184,369.29184,789.855,1159.14684
640,64,100,0.8,250,631.884,789.855,36.929184,147.716736,789.855,937.571736
640,64,100,0.8,500,631.884,789.855,36.929184,73.858368,789.855,863.713368
640,64,150,0.4,100,421.25600000000003,1053.1399999999999,36.929184,369.29184,1053.1399999999999,1422.43184
640,64,150,0.4,250,421.25600000000003,1053.1399999999999,36.929184,147.716736,1053.1399999999999,1200.856736
640,64,150,0.4,500,421.25600000000003,1053.1399999999999,36.929184,73.858368,1053.1399999999999,1126.998368
640,64,150,0.6,100,421.25600000000003,702.0933333333334,36.929184,369.29184,702.0933333333334,1071.3851733333333
640,64,150,0.6,250,421.25600000000003,702.0933333333334,36.929184,147.716736,702.0933333333334,849.8100693333333
640,64,150,0.6,500,421.25600000000003,702.0933333333334,36.929184,73.858368,702.0933333333334,775.9517013333334
640,64,150,0.8,100,421.25600000000003,526.5699999999999,36.929184,369.29184,526.5699999999999,895.86184
640,64,150,0.8,250,421.25600000000003,526.5699999999999,36.929184,147.716736,526.5699999999999,674.286736
640,64,150,0.8,500,421.25600000000003,526.5699999999999,36.929184,73.858368,526.5699999999999,600.428368
640,128,100,0.4,100,315.942,789.855,36.929184,369.29184,789.855,1159.14684
640,128,100,0.4,250,315.942,789.855,36.929184,147.716736,789.855,937.571736
640,128,100,0.4,500,315.942,789.855,36.929184,73.858368,789.855,863.713368
640,128,100,0.6,100,315.942,526.5699999999999,36.929184,369.29184,526.5699999999999,895.86184
640,128,100,0.6,250,315.942,526.5699999999999,36.929184,147.716736,526.5699999999999,674.286736
640,128,100,0.6,500,315.942,526.5699999999999,36.929184,73.858368,526.5699999999999,600.428368
640,128,100,0.8,100,315.942,394.9275,36.929184,369.29184,394.9275,764.2193399999999
640,128,100,0.8,250,315.942,394.9275,36.929184,147.716736,394.9275,542.644236
640,128,100,0.8,500,315.942,394.9275,36.929184,73.858368,394.9275,468.785868
640,128,150,0.4,100,210.62800000000001,526.5699999999999,36.929184,369.29184,526.5699999999999,895.86184
640,128,150,0.4,250,210.62800000000001,526.5699999999999,36.929184,147.716736,526.5699999999999,674.286736
640,128,150,0.4,500,210.62800000000001,526.5699999999999,36.929184,73.858368,526.5699999999999,600.428368
640,128,150,0.6,100,210.62800000000001,351.0466666666667,36.929184,369.29184,369.29184,720.3385066666666
640,128,150,0.6,250,210.62800000000001,351.0466666666667,36.929184,147.716736,351.0466666666667,498.76340266666665
640,128,150,0.6,500,210.62800000000001,351.0466666666667,36.929184,73.858368,351.0466666666667,424.90503466666667
640,128,150,0.8,100,210.62800000000001,263.28499999999997,36.929184,369.29184,369.29184,632.5768400000001
640,128,150,0.8,250,210.62800000000001,263.28499999999997,36.929184,147.716736,263.28499999999997,411.001736
640,128,150,0.8,500,210.62800000000001,263.28499999999997,36.929184,73.858368,263.28499999999997,337.143368
