"Index","Line","Raw"
"0","19","24'h310311"
"1","20","24'h300882"
"2","21","24'h300842"
"3","22","24'h310303"
"4","23","24'h3017ff"
"5","24","24'h3018ff"
"6","25","24'h30341a"
"7","26","24'h300e58"
"8","27","24'h302e00"
"9","38","24'h303713"
"10","39","24'h310801"
"11","40","24'h303511"
"12","42","24'h303646"
"13","48","24'h363036"
"14","49","24'h36310e"
"15","50","24'h3632e2"
"16","51","24'h363312"
"17","52","24'h3621e0"
"18","53","24'h3704a0"
"19","54","24'h37035a"
"20","55","24'h371578"
"21","56","24'h371701"
"22","57","24'h370b60"
"23","58","24'h37051a"
"24","59","24'h390502"
"25","60","24'h390610"
"26","61","24'h39010a"
"27","62","24'h373112"
"28","63","24'h360008"
"29","64","24'h360133"
"30","65","24'h302d60"
"31","66","24'h362052"
"32","67","24'h371b20"
"33","68","24'h471c50"
"34","69","24'h3a1343"
"35","71","24'h3a1802"
"36","72","24'h3a19f8"
"37","73","24'h363513"
"38","74","24'h363603"
"39","75","24'h363440"
"40","76","24'h362201"
"41","77","24'h3c0134"
"42","78","24'h3c0428"
"43","79","24'h3c0598"
"44","80","24'h3c0600"
"45","81","24'h3c0708"
"46","82","24'h3c0800"
"47","83","24'h3c091c"
"48","84","24'h3c0a9c"
"49","85","24'h3c0b40"
"50","86","24'h381000"
"51","87","24'h381110"
"52","88","24'h381200"
"53","89","24'h370864"
"54","90","24'h400102"
"55","91","24'h40051a"
"56","92","24'h300000"
"57","93","24'h3004ff"
"58","98","24'h430061"
"59","99","24'h501f01"
"60","100","24'h440e00"
"61","101","24'h5000a7"
"62","102","24'h5001b3"
"63","107","24'h3a0f38"
"64","108","24'h3a1030"
"65","109","24'h3a1b38"
"66","110","24'h3a1e26"
"67","111","24'h3a1160"
"68","112","24'h3a1f14"
"69","117","24'h580023"
"70","118","24'h580114"
"71","119","24'h58020f"
"72","120","24'h58030f"
"73","121","24'h580412"
"74","122","24'h580526"
"75","123","24'h58060c"
"76","124","24'h580708"
"77","125","24'h580805"
"78","126","24'h580905"
"79","127","24'h580a08"
"80","128","24'h580b0d"
"81","129","24'h580c08"
"82","130","24'h580d03"
"83","131","24'h580e00"
"84","132","24'h580f00"
"85","133","24'h581003"
"86","134","24'h581109"
"87","135","24'h581207"
"88","136","24'h581303"
"89","137","24'h581400"
"90","138","24'h581501"
"91","139","24'h581603"
"92","140","24'h581708"
"93","141","24'h58180d"
"94","142","24'h581908"
"95","143","24'h581a05"
"96","144","24'h581b06"
"97","145","24'h581c08"
"98","146","24'h581d0e"
"99","147","24'h581e29"
"100","148","24'h581f17"
"101","149","24'h582011"
"102","150","24'h582111"
"103","151","24'h582215"
"104","152","24'h582328"
"105","153","24'h582446"
"106","154","24'h582526"
"107","155","24'h582608"
"108","156","24'h582726"
"109","157","24'h582864"
"110","158","24'h582926"
"111","159","24'h582a24"
"112","160","24'h582b22"
"113","161","24'h582c24"
"114","162","24'h582d24"
"115","163","24'h582e06"
"116","164","24'h582f22"
"117","165","24'h583040"
"118","166","24'h583142"
"119","167","24'h583224"
"120","168","24'h583326"
"121","169","24'h583424"
"122","170","24'h583522"
"123","171","24'h583622"
"124","172","24'h583726"
"125","173","24'h583844"
"126","174","24'h583924"
"127","175","24'h583a26"
"128","176","24'h583b28"
"129","177","24'h583c42"
"130","178","24'h583dce"
"131","183","24'h5180ff"
"132","184","24'h5181f2"
"133","185","24'h518200"
"134","186","24'h518314"
"135","187","24'h518425"
"136","188","24'h518524"
"137","189","24'h518609"
"138","190","24'h518709"
"139","191","24'h518809"
"140","192","24'h518975"
"141","193","24'h518a54"
"142","194","24'h518be0"
"143","195","24'h518cb2"
"144","196","24'h518d42"
"145","197","24'h518e3d"
"146","198","24'h518f56"
"147","199","24'h519046"
"148","200","24'h5191f8"
"149","201","24'h519204"
"150","202","24'h519370"
"151","203","24'h5194f0"
"152","204","24'h5195f0"
"153","205","24'h519603"
"154","206","24'h519701"
"155","207","24'h519804"
"156","208","24'h519912"
"157","209","24'h519a04"
"158","210","24'h519b00"
"159","211","24'h519c06"
"160","212","24'h519d82"
"161","213","24'h519e38"
"162","215","24'h548001"
"163","216","24'h548108"
"164","217","24'h548214"
"165","218","24'h548328"
"166","219","24'h548451"
"167","220","24'h548565"
"168","221","24'h548671"
"169","222","24'h54877d"
"170","223","24'h548887"
"171","224","24'h548991"
"172","225","24'h548a9a"
"173","226","24'h548baa"
"174","227","24'h548cb8"
"175","228","24'h548dcd"
"176","229","24'h548edd"
"177","230","24'h548fea"
"178","231","24'h54901d"
"179","236","24'h53811e"
"180","237","24'h53825b"
"181","238","24'h538308"
"182","239","24'h53840a"
"183","240","24'h53857e"
"184","241","24'h538688"
"185","242","24'h53877c"
"186","243","24'h53886c"
"187","244","24'h538910"
"188","245","24'h538a01"
"189","246","24'h538b98"
"190","248","24'h558006"
"191","249","24'h558340"
"192","250","24'h558410"
"193","251","24'h558910"
"194","252","24'h558a00"
"195","253","24'h558bf8"
"196","254","24'h501d40"
"197","255","24'h530008"
"198","256","24'h530130"
"199","257","24'h530210"
"200","258","24'h530300"
"201","259","24'h530408"
"202","260","24'h530530"
"203","261","24'h530608"
"204","262","24'h530716"
"205","263","24'h530908"
"206","264","24'h530a30"
"207","265","24'h530b04"
"208","266","24'h530c06"
"209","267","24'h502500"
"210","268","24'h3c0708"
"211","273","24'h382040"
"212","274","24'h382101"
"213","275","24'h381431"
"214","276","24'h381531"
"215","277","24'h380000"
"216","278","24'h380100"
"217","279","24'h380200"
"218","280","24'h3803fa"
"219","281","24'h38040a"
"220","282","24'h38053f"
"221","283","24'h380606"
"222","284","24'h3807a9"
"223","287","{16'h3808,CAM_HSIZE[15:8]}"
"224","288","{16'h3809,CAM_HSIZE[ 7:0]}"
"225","289","{16'h380a,CAM_VSIZE[15:8]}"
"226","290","{16'h380b,CAM_VSIZE[ 7:0]}"
"227","293","24'h380c07"
"228","294","24'h380d64"
"229","296","24'h380e03"
"230","297","24'h380fe8"
"231","299","24'h381304"
"232","300","24'h361800"
"233","301","24'h361229"
"234","302","24'h370952"
"235","303","24'h370c03"
"236","304","24'h3a0217"
"237","305","24'h3a03e0"
"238","306","24'h3a1417"
"239","307","24'h3a1510"
"240","308","24'h400402"
"241","313","24'h30021c"
"242","314","24'h3006c3"
"243","315","24'h471300"
"244","316","24'h440704"
"245","317","24'h460b37"
"246","318","24'h460c20"
"247","319","24'h483716"
"248","320","24'h382402"
"249","321","24'h350300"
"250","324","24'h300802"
